text,style,space_before,space_after,col_id,row_id,cell_width,cell_height,cell_id
立法院第11屆第1會期第6次會議紀錄,000000000000000000,註解文字/內文,0.0,0.0,1,1,2,1,0
,,內文,0.0,0.0,,,,,
"施政質詢",11111,註解文字/內文,0.0,0.0,1,2,2,1,0
對行政院院長提出施政方針及施政報告繼續質詢─繼續質詢─　　　　（頁次：３８－１３２）,111111111111111111111111111111111111111111,註解文字/內文,0.0,0.0,1,2,2,1,0
,,內文,0.0,0.0,,,,,
發言者,000,內文,7.949999809265137,0.0,1,3,1,1,0
"韓國瑜（主席）、陳超明、涂權吉、顏寬恒、廖先翔、吳琪銘、吳沛憶、游　顥、",0000000000000000000000000000000000000,註解文字/內文,7.949999809265137,0.0,2,3,1,1,0
"林倩綺、葉元之、徐巧芯、陳冠廷、陳亭妃、羅明才、賴瑞隆、郭國文、黃　捷、",0000000000000000000000000000000000000,註解文字/內文,7.949999809265137,0.0,2,3,1,1,0
楊　曜、王美惠、魯明哲、賴惠員、林楚茵、王世堅,00000000000000000000000,註解文字/內文,7.949999809265137,0.0,2,3,1,1,0
,,內文,0.0,0.0,2,3,1,1,0
,,內文,0.0,0.0,1,4,1,1,0
,,註解文字/內文,0.0,0.0,2,4,1,1,0
,,內文,0.0,0.0,2,4,1,1,0
,,內文,0.0,0.0,1,5,1,1,0
,,註解文字/內文,0.0,0.0,2,5,1,1,0
,,內文,0.0,0.0,2,5,1,1,0
,,內文,0.0,0.0,1,6,1,1,0
,,註解文字/內文,0.0,0.0,2,6,1,1,0
,,內文,0.0,0.0,2,6,1,1,0
,,內文,0.0,0.0,1,7,1,1,0
,,註解文字/內文,0.0,0.0,2,7,1,1,0
,,內文,0.0,0.0,2,7,1,1,0
,,內文,0.0,0.0,1,8,1,1,0
,,註解文字/內文,0.0,0.0,2,8,1,1,0
,,內文,0.0,0.0,2,8,1,1,0
,,內文,0.0,0.0,1,9,1,1,0
,,註解文字/內文,0.0,0.0,2,9,1,1,0
,,內文,0.0,0.0,2,9,1,1,0
,,內文,0.0,0.0,1,10,1,1,0
,,註解文字/內文,0.0,0.0,2,10,1,1,0
,,內文,0.0,0.0,2,10,1,1,0
,,內文,0.0,0.0,1,11,1,1,0
,,註解文字/內文,0.0,0.0,2,11,1,1,0
,,內文,0.0,0.0,2,11,1,1,0
,,內文,0.0,0.0,1,12,1,1,0
,,註解文字/內文,0.0,0.0,2,12,1,1,0
,,內文,0.0,0.0,2,12,1,1,0
,,內文,0.0,0.0,1,13,1,1,0
,,註解文字/內文,0.0,0.0,2,13,1,1,0
,,內文,0.0,0.0,2,13,1,1,0
,,內文,0.0,0.0,1,14,1,1,0
,,註解文字/內文,0.0,0.0,2,14,1,1,0
,,內文,0.0,0.0,2,14,1,1,0
,,內文,0.0,0.0,1,15,1,1,0
,,註解文字/內文,0.0,0.0,2,15,1,1,0
,,內文,0.0,0.0,2,15,1,1,0
,,內文,0.0,0.0,1,16,1,1,0
,,註解文字/內文,0.0,0.0,2,16,1,1,0
,,內文,0.0,0.0,2,16,1,1,0
"",0,內文,0.0,0.0,,,,,
